<?xml version="1.0" encoding="UTF-8"?>
<jdbcDataSource exportedWithPermissions="false">
    <folder>/public/Marketing/InanHour</folder>
    <name>WebinarDataSource</name>
    <version>0</version>
    <label>WebinarDataSource</label>
    <creationDate>2016-10-11T10:24:04.851-07:00</creationDate>
    <updateDate>2016-10-11T10:24:04.851-07:00</updateDate>
    <driver>org.postgresql.Driver</driver>
    <connectionUrl>jdbc:postgresql://localhost:5432/foodmart63</connectionUrl>
    <connectionUser>postgres</connectionUser>
    <connectionPassword>ENC&lt;B7C77EB9023F241CECD504AD17BE454D&gt;</connectionPassword>
    <timezone></timezone>
</jdbcDataSource>
