<?xml version="1.0" encoding="UTF-8"?>
<adhocDataView exportedWithPermissions="false">
    <folder>/public/Marketing/DeepDiveDomains</folder>
    <name>AHVDeepDive2</name>
    <version>0</version>
    <label>AHVDeepDive2</label>
    <description></description>
    <creationDate>2017-04-17T18:09:00.227-07:00</creationDate>
    <updateDate>2017-04-17T18:09:00.227-07:00</updateDate>
    <dataSource>
        <uri>/public/Marketing/DeepDiveDomains/DeepDive_Domain_1</uri>
    </dataSource>
    <inputControl>
        <localResource
            xmlns:xsi="http://www.w3.org/2001/XMLSchema-instance"
            exportedWithPermissions="false" xsi:type="inputControl">
            <folder>/public/Marketing/DeepDiveDomains/AHVDeepDive2_files</folder>
            <name>warehouse_id_1</name>
            <version>0</version>
            <label>warehouse_id is between</label>
            <creationDate>2017-04-17T18:09:00.227-07:00</creationDate>
            <updateDate>2017-04-17T18:09:00.227-07:00</updateDate>
            <type>2</type>
            <mandatory>false</mandatory>
            <readOnly>false</readOnly>
            <visible>true</visible>
            <dataType>
                <localResource exportedWithPermissions="false" xsi:type="dataType">
                    <folder>/public/Marketing/DeepDiveDomains/AHVDeepDive2_files/warehouse_id_1_files</folder>
                    <name>number</name>
                    <version>0</version>
                    <label>Number</label>
                    <creationDate>2017-04-17T18:09:00.227-07:00</creationDate>
                    <updateDate>2017-04-17T18:09:00.227-07:00</updateDate>
                    <type>2</type>
                    <strictMin>false</strictMin>
                    <strictMax>false</strictMax>
                </localResource>
            </dataType>
        </localResource>
    </inputControl>
    <inputControl>
        <localResource
            xmlns:xsi="http://www.w3.org/2001/XMLSchema-instance"
            exportedWithPermissions="false" xsi:type="inputControl">
            <folder>/public/Marketing/DeepDiveDomains/AHVDeepDive2_files</folder>
            <name>warehouse_id_2</name>
            <version>0</version>
            <label>and</label>
            <creationDate>2017-04-17T18:09:00.227-07:00</creationDate>
            <updateDate>2017-04-17T18:09:00.227-07:00</updateDate>
            <type>2</type>
            <mandatory>false</mandatory>
            <readOnly>false</readOnly>
            <visible>true</visible>
            <dataType>
                <localResource exportedWithPermissions="false" xsi:type="dataType">
                    <folder>/public/Marketing/DeepDiveDomains/AHVDeepDive2_files/warehouse_id_2_files</folder>
                    <name>number</name>
                    <version>0</version>
                    <label>Number</label>
                    <creationDate>2017-04-17T18:09:00.227-07:00</creationDate>
                    <updateDate>2017-04-17T18:09:00.227-07:00</updateDate>
                    <type>2</type>
                    <strictMin>false</strictMin>
                    <strictMax>false</strictMax>
                </localResource>
            </dataType>
        </localResource>
    </inputControl>
    <resource>
        <localResource
            xmlns:xsi="http://www.w3.org/2001/XMLSchema-instance"
            exportedWithPermissions="false" dataFile="topicJRXML.data" xsi:type="fileResource">
            <folder>/public/Marketing/DeepDiveDomains/AHVDeepDive2_files</folder>
            <name>topicJRXML</name>
            <version>0</version>
            <label>topicJRXML</label>
            <creationDate>2017-04-17T18:09:00.227-07:00</creationDate>
            <updateDate>2017-04-17T18:09:00.227-07:00</updateDate>
            <fileType>jrxml</fileType>
        </localResource>
    </resource>
    <resource>
        <localResource
            xmlns:xsi="http://www.w3.org/2001/XMLSchema-instance"
            exportedWithPermissions="false" dataFile="stateXML.data" xsi:type="fileResource">
            <folder>/public/Marketing/DeepDiveDomains/AHVDeepDive2_files</folder>
            <name>stateXML</name>
            <version>0</version>
            <label>stateXML</label>
            <creationDate>2017-04-17T18:09:00.227-07:00</creationDate>
            <updateDate>2017-04-17T18:09:00.227-07:00</updateDate>
            <fileType>xml</fileType>
        </localResource>
    </resource>
    <alwaysPromptControls>false</alwaysPromptControls>
    <controlsLayout>1</controlsLayout>
</adhocDataView>
