<?xml version="1.0" encoding="UTF-8"?>
<semanticLayerDataSource exportedWithPermissions="false">
    <folder>/public/Marketing/DeepDiveDomains</folder>
    <name>DeepDive_Domain_1</name>
    <version>2</version>
    <label>DeepDive_Domain (2)</label>
    <description></description>
    <creationDate>2017-04-17T18:03:51.001-07:00</creationDate>
    <updateDate>2017-04-17T18:04:36.855-07:00</updateDate>
    <schema>
        <localResource
            xmlns:xsi="http://www.w3.org/2001/XMLSchema-instance"
            exportedWithPermissions="false" dataFile="schema.data" xsi:type="fileResource">
            <folder>/public/Marketing/DeepDiveDomains/DeepDive_Domain_1_files</folder>
            <name>schema</name>
            <version>0</version>
            <label>schema</label>
            <description>schema</description>
            <creationDate>2017-04-17T18:03:51.001-07:00</creationDate>
            <updateDate>2017-04-17T18:03:51.001-07:00</updateDate>
            <fileType>xml</fileType>
        </localResource>
    </schema>
    <securityFile>
        <localResource
            xmlns:xsi="http://www.w3.org/2001/XMLSchema-instance"
            exportedWithPermissions="false"
            dataFile="DomainDeepDive_security_version2.xml.data" xsi:type="fileResource">
            <folder>/public/Marketing/DeepDiveDomains/DeepDive_Domain_1_files</folder>
            <name>DomainDeepDive_security_version2.xml</name>
            <version>0</version>
            <label>security</label>
            <description>security</description>
            <creationDate>2017-04-17T18:04:36.855-07:00</creationDate>
            <updateDate>2017-04-17T18:04:36.855-07:00</updateDate>
            <fileType>xml</fileType>
        </localResource>
    </securityFile>
    <dataSource>
        <alias>WebinarDataSource</alias>
        <dataSourceReference>
            <uri>/public/Marketing/InanHour/WebinarDataSource</uri>
        </dataSourceReference>
    </dataSource>
</semanticLayerDataSource>
